"","X4","X1","X2","X3","X5","outcome","treated","matched","weight","missing"
"1","4","1","3","3","4",-6.21842978386008,1,FALSE,0,FALSE
"2","2","1","1","1","4",5.12152893543706,0,FALSE,0,FALSE
"3","3","2","1","1","3",18.4407921235267,0,FALSE,0,FALSE
"4","1","1","4","3","1",-7.75773230813771,1,FALSE,0,FALSE
"5","4","3","3","2","2",22.0072016146119,1,FALSE,0,FALSE
"6","3","3","4","2","3",7.12515275164429,0,FALSE,0,FALSE
"7","3","4","3","2","1",38.4672680552673,1,FALSE,0,FALSE
"8","3","3","1","1","4",32.3264403739336,0,FALSE,0,FALSE
"9","3","4","4","2","1",26.2283569784045,1,FALSE,0,FALSE
"10","3","3","1","1","3",32.5017317322846,0,FALSE,0,FALSE
"11","80","4","1","1","2",51.8753612710944,0,FALSE,0,FALSE
"12","4","1","3","1","3",-16.5396566162263,1,FALSE,0,FALSE
"13","4","4","3","1","1",24.7223631119324,0,FALSE,0,FALSE
"14","2","3","1","1","3",39.8088077503353,1,FALSE,0,FALSE
"15","1","1","25","3","3",16.7219202262231,0,FALSE,0,FALSE
"16","81","1","26","1","98",-14.6384845644938,1,FALSE,0,FALSE
"17","4","1","3","2","2",-10.0306543451048,1,FALSE,0,FALSE
"18","3","1","1","2","99",13.4673542851103,1,FALSE,0,FALSE
"19","3","3","3","2","1",17.5671200655054,0,FALSE,0,FALSE
"20","4","1","1","1","4",-1.09706153723021,0,FALSE,0,FALSE
"21","1","2","2","52","1",27.3328380948469,1,FALSE,0,FALSE
"22","1","4","1","53","3",60.9385764892532,1,FALSE,0,FALSE
"23","3","1","27","1","3",-16.9260749198902,0,FALSE,0,FALSE
"24","2","4","1","3","3",60.1436755356595,0,FALSE,0,FALSE
"25","3","5","4","3","2",16.2798416438396,1,FALSE,0,FALSE
"26","1","1","2","3","3",7.01753574428886,0,FALSE,0,FALSE
"27","2","1","1","3","3",14.9885039651258,0,FALSE,0,FALSE
"28","3","1","2","3","1",1.3354567094468,0,FALSE,0,FALSE
"29","1","3","3","3","4",33.1420567448716,1,FALSE,0,FALSE
"30","3","1","3","4","3",3.39188135297557,1,FALSE,0,FALSE
"31","2","3","4","4","100",19.4672652169482,0,FALSE,0,FALSE
"32","1","4","2","2","1",47.1560894781367,0,FALSE,0,FALSE
"33","4","3","2","3","2",35.5121924021497,1,FALSE,0,FALSE
"34","1","1","1","1","1",13.2605088937482,1,FALSE,0,FALSE
"35","3","1","3","3","3",-3.10229725659259,1,FALSE,0,FALSE
"36","3","3","3","54","1",27.4408913872319,1,FALSE,0,FALSE
"37","3","1","3","3","4",-8.32936509598571,0,FALSE,0,FALSE
"38","3","6","3","2","3",-5.62887391234595,1,FALSE,0,FALSE
"39","1","4","3","4","3",48.3512591822712,0,FALSE,0,FALSE
"40","3","2","4","3","2",2.97332606392872,1,FALSE,0,FALSE
"41","3","1","3","1","3",-18.0661803692567,0,FALSE,0,FALSE
"42","1","1","3","2","3",-0.575455278091827,1,FALSE,0,FALSE
"43","1","1","1","55","3",22.6241909920094,1,FALSE,0,FALSE
"44","82","1","3","4","3",0.389055180734044,1,FALSE,0,FALSE
"45","3","1","4","2","3",-21.802433119626,0,FALSE,0,FALSE
"46","1","3","3","1","2",21.7242595618112,1,FALSE,0,FALSE
"47","3","1","4","3","1",-15.4882185490406,1,FALSE,0,FALSE
"48","1","4","1","3","1",62.989432757956,0,FALSE,0,FALSE
"49","3","1","1","1","4",8.42875358215876,1,FALSE,0,FALSE
"50","3","1","3","1","101",-17.3865052542488,0,FALSE,0,FALSE
"51","4","4","3","3","1",32.6399684585943,0,FALSE,0,FALSE
"52","1","1","3","1","4",-12.2710278256308,0,FALSE,0,FALSE
"53","1","3","3","3","2",29.4035881996855,0,FALSE,0,FALSE
"54","1","4","3","2","3",45.4457821418655,1,FALSE,0,FALSE
"55","1","2","3","3","3",18.6372914168499,1,FALSE,0,FALSE
"56","1","3","3","3","3",33.1127558367852,1,FALSE,0,FALSE
"57","3","3","2","4","3",35.9504565857494,0,FALSE,0,FALSE
"58","83","1","1","1","2",7.35063736669264,1,FALSE,0,FALSE
"59","1","3","1","1","3",42.7268821650955,1,FALSE,0,FALSE
"60","2","2","2","3","3",26.3554562817619,1,FALSE,0,FALSE
"61","3","1","2","3","1",1.55841493786038,0,FALSE,0,FALSE
"62","4","2","4","56","1",-9.65308767217005,0,FALSE,0,FALSE
"63","3","3","2","2","2",26.5315760025147,0,FALSE,0,FALSE
"64","1","3","3","3","3",26.2452344802431,0,FALSE,0,FALSE
"65","3","1","2","2","2",-2.91057917903612,0,FALSE,0,FALSE
"66","84","4","28","1","3",50.6485843791393,1,FALSE,0,FALSE
"67","1","1","3","4","3",6.59223446218466,1,FALSE,0,FALSE
"68","2","1","3","3","1",-1.86798929834844,1,FALSE,0,FALSE
"69","1","3","2","1","3",33.2246239397134,1,FALSE,0,FALSE
"70","1","3","1","57","3",52.3965629325629,1,FALSE,0,FALSE
"71","1","3","1","3","4",48.5672416941712,0,FALSE,0,FALSE
"72","3","1","2","3","1",6.97079054912839,1,FALSE,0,FALSE
"73","4","7","3","3","2",-4.94945496865199,1,FALSE,0,FALSE
"74","3","2","3","1","1",-3.64872409983279,0,FALSE,0,FALSE
"75","1","3","3","2","1",23.4084768017914,0,FALSE,0,FALSE
"76","3","3","2","3","3",31.5153584794479,0,FALSE,0,FALSE
"77","1","1","1","3","3",23.6131581419938,1,FALSE,0,FALSE
"78","4","1","1","1","2",-1.28722288672453,0,FALSE,0,FALSE
"79","1","1","3","4","3",7.45968079323529,1,FALSE,0,FALSE
"80","2","3","4","1","3",9.93142932736227,1,FALSE,0,FALSE
"81","3","1","2","2","3",-3.46299987596638,0,FALSE,0,FALSE
"82","4","1","3","3","2",-10.7097252544069,0,FALSE,0,FALSE
"83","3","3","2","1","3",23.4332494151487,0,FALSE,0,FALSE
"84","1","2","1","2","1",25.569905499779,0,FALSE,0,FALSE
"85","4","4","3","58","1",29.780723271114,1,FALSE,0,FALSE
"86","2","4","3","1","2",35.852344491654,1,FALSE,0,FALSE
"87","1","3","1","59","1",51.2863016789493,1,FALSE,0,FALSE
"88","3","3","3","1","2",10.2549048945427,0,FALSE,0,FALSE
"89","1","2","3","3","1",17.9398913298964,1,FALSE,0,FALSE
"90","1","1","3","3","3",-2.61120903387471,0,FALSE,0,FALSE
"91","4","2","1","60","102",29.5582094025799,1,FALSE,0,FALSE
"92","2","3","3","4","2",29.1452027054322,0,FALSE,0,FALSE
"93","4","1","4","3","3",-18.8745889579002,0,FALSE,0,FALSE
"94","1","1","3","3","1",-3.27687226536685,0,FALSE,0,FALSE
"95","3","3","3","2","103",18.3343729169312,0,FALSE,0,FALSE
"96","2","2","4","61","3",1.06491871539379,0,FALSE,0,FALSE
"97","3","2","2","3","1",23.4099083447041,1,FALSE,0,FALSE
"98","1","2","3","2","1",12.1627580559112,1,FALSE,0,FALSE
"99","1","3","29","3","3",32.435916113689,1,FALSE,0,FALSE
"100","3","3","3","3","1",21.3078336686537,0,FALSE,0,FALSE
"101","3","3","4","2","3",13.0637203675979,1,FALSE,0,FALSE
"102","2","2","2","3","4",21.0319443571867,0,FALSE,0,FALSE
"103","2","3","3","3","2",25.3698225109673,0,FALSE,0,FALSE
"104","3","1","3","4","2",3.61172218663558,1,FALSE,0,FALSE
"105","3","1","1","2","3",7.2432377865892,0,FALSE,0,FALSE
"106","3","1","2","1","2",-6.83577198990112,0,FALSE,0,FALSE
"107","3","1","3","1","104",-12.9256345261152,1,FALSE,0,FALSE
"108","3","3","2","2","3",30.2255924647711,0,FALSE,0,FALSE
"109","1","1","1","1","2",7.71182939167913,0,FALSE,0,FALSE
"110","2","3","3","4","2",30.2116815552158,0,FALSE,0,FALSE
"111","3","3","3","3","3",28.0430782994353,1,FALSE,0,FALSE
"112","3","2","2","4","1",25.9797364359178,1,FALSE,0,FALSE
"113","1","1","2","3","3",12.7300722968421,1,FALSE,0,FALSE
"114","2","1","2","1","1",-6.29240790190894,0,FALSE,0,FALSE
"115","1","4","3","3","4",48.1281109142097,1,FALSE,0,FALSE
"116","2","2","1","1","3",23.9814400684519,1,FALSE,0,FALSE
"117","2","2","4","3","2",7.21217304656399,1,FALSE,0,FALSE
"118","85","1","3","2","1",-5.8798290406089,1,FALSE,0,FALSE
"119","3","3","1","3","2",46.2123976303234,1,FALSE,0,FALSE
"120","3","1","1","1","1",6.86289230434574,1,FALSE,0,FALSE
"121","4","1","1","3","3",15.9701128737705,1,FALSE,0,FALSE
"122","4","3","1","2","1",35.3939086986314,0,FALSE,0,FALSE
"123","2","8","3","3","3",30.844997337435,1,FALSE,0,FALSE
"124","1","2","3","1","3",7.10517569526269,1,FALSE,0,FALSE
"125","4","3","3","3","1",20.2879392149808,0,FALSE,0,FALSE
"126","2","2","4","3","3",5.30814643263351,1,FALSE,0,FALSE
"127","3","1","1","1","3",6.09658179402847,1,FALSE,0,FALSE
"128","2","1","1","3","105",16.4113845470941,0,FALSE,0,FALSE
"129","1","1","1","2","106",12.9544037986145,0,FALSE,0,FALSE
"130","2","1","3","3","107",-0.235721517634286,1,FALSE,0,FALSE
"131","2","3","4","3","3",20.161837291224,1,FALSE,0,FALSE
"132","1","3","3","3","2",28.7784572013907,0,FALSE,0,FALSE
"133","1","3","3","1","1",17.1479492404335,0,FALSE,0,FALSE
"134","3","3","30","3","4",28.0028078145566,1,FALSE,0,FALSE
"135","2","4","2","4","3",59.952833773111,1,FALSE,0,FALSE
"136","3","1","3","1","2",-16.8789323885339,0,FALSE,0,FALSE
"137","1","4","2","3","1",51.5431008386605,0,FALSE,0,FALSE
"138","3","1","1","1","1",8.50235161840508,1,FALSE,0,FALSE
"139","3","3","1","3","1",47.0043330146904,1,FALSE,0,FALSE
"140","1","3","3","3","3",26.7686933286618,0,FALSE,0,FALSE
"141","4","3","1","62","4",34.4783457162346,0,FALSE,0,FALSE
"142","2","2","31","3","1",30.3115182819663,0,FALSE,0,FALSE
"143","3","3","1","1","1",31.7625925888358,0,FALSE,0,FALSE
"144","2","2","1","63","1",24.5582172484297,0,FALSE,0,FALSE
"145","86","4","3","2","1",41.8277379019931,1,FALSE,0,FALSE
"146","1","2","3","3","2",12.1503358187025,0,FALSE,0,FALSE
"147","3","3","1","3","3",41.2429933976437,0,FALSE,0,FALSE
"148","2","1","3","1","3",-12.9659007381673,0,FALSE,0,FALSE
"149","3","1","3","2","4",-8.09591263512497,1,FALSE,0,FALSE
"150","2","2","1","1","3",22.7351784799081,1,FALSE,0,FALSE
"151","1","3","1","1","4",40.81252231119,1,FALSE,0,FALSE
"152","3","3","3","4","3",27.9514947075844,0,FALSE,0,FALSE
"153","3","4","4","4","4",31.8368080618804,0,FALSE,0,FALSE
"154","4","3","3","3","3",24.9185336346432,1,FALSE,0,FALSE
"155","2","9","1","2","3",45.7712393553793,1,FALSE,0,FALSE
"156","2","1","3","3","4",-0.944254353160318,1,FALSE,0,FALSE
"157","4","3","3","1","3",16.0499676021634,1,FALSE,0,FALSE
"158","3","3","2","64","2",32.5284617816221,0,FALSE,0,FALSE
"159","3","3","3","3","1",28.4524838539636,1,FALSE,0,FALSE
"160","3","4","3","1","3",32.4734682856397,1,FALSE,0,FALSE
"161","3","3","2","4","3",36.8226696302438,0,FALSE,0,FALSE
"162","1","10","1","3","2",61.993162796943,0,FALSE,0,FALSE
"163","3","1","3","3","4",-3.30556555001421,1,FALSE,0,FALSE
"164","2","3","3","1","3",21.0452839044564,1,FALSE,0,FALSE
"165","2","3","32","1","4",28.7871225062907,1,FALSE,0,FALSE
"166","3","3","1","2","1",42.1935339263661,1,FALSE,0,FALSE
"167","1","3","33","65","3",46.9685811778664,0,FALSE,0,FALSE
"168","3","1","1","1","3",2.15504581459512,0,FALSE,0,FALSE
"169","3","3","1","3","3",44.28774827449,0,FALSE,0,FALSE
"170","3","3","3","66","1",26.2081678931128,1,FALSE,0,FALSE
"171","2","2","1","2","2",26.0040627792463,0,FALSE,0,FALSE
"172","3","3","4","3","108",17.1774302739623,1,FALSE,0,FALSE
"173","3","3","2","3","3",32.9896592824276,0,FALSE,0,FALSE
"174","3","3","2","3","4",30.402186271981,0,FALSE,0,FALSE
"175","2","1","3","2","1",-9.82368513561206,0,FALSE,0,FALSE
"176","2","2","3","67","2",20.5538188125574,1,FALSE,0,FALSE
"177","2","3","1","1","3",42.7110826413899,1,FALSE,0,FALSE
"178","2","3","4","3","1",20.917971443416,1,FALSE,0,FALSE
"179","3","3","1","3","3",41.7624527661254,0,FALSE,0,FALSE
"180","3","3","1","3","3",48.9280277450642,1,FALSE,0,FALSE
"181","1","3","3","1","1",17.9376056672988,0,FALSE,0,FALSE
"182","3","2","2","1","1",12.8231687861572,1,FALSE,0,FALSE
"183","3","3","1","3","1",42.34658723684,0,FALSE,0,FALSE
"184","1","2","34","3","3",33.1672895337181,0,FALSE,0,FALSE
"185","1","3","2","1","3",33.0619505110598,1,FALSE,0,FALSE
"186","1","3","1","3","2",48.8807327967743,0,FALSE,0,FALSE
"187","2","3","3","1","1",20.6811960848298,1,FALSE,0,FALSE
"188","1","11","4","3","3",16.1707429442834,0,FALSE,0,FALSE
"189","2","1","3","2","2",-6.16300828219705,1,FALSE,0,FALSE
"190","1","3","3","4","4",37.599628454197,1,FALSE,0,FALSE
"191","4","4","1","1","3",44.5195079816973,0,FALSE,0,FALSE
"192","3","3","35","1","1",27.7830083241437,1,FALSE,0,FALSE
"193","1","3","4","3","3",18.4143076462503,0,FALSE,0,FALSE
"194","1","2","3","3","109",17.9927399532122,1,FALSE,0,FALSE
"195","3","1","3","4","3",-1.85099402810715,0,FALSE,0,FALSE
"196","4","1","3","1","1",-16.1249634221504,1,FALSE,0,FALSE
"197","3","3","4","3","4",17.3619136747237,1,FALSE,0,FALSE
"198","1","4","3","2","3",38.2480201828775,0,FALSE,0,FALSE
"199","1","2","1","1","4",21.9454690625877,0,FALSE,0,FALSE
"200","3","3","3","2","2",22.9354023196139,1,FALSE,0,FALSE
"201","2","2","2","3","3",24.6937629454784,1,FALSE,0,FALSE
"202","2","1","3","1","110",-9.13563326905523,1,FALSE,0,FALSE
"203","1","4","1","1","4",52.869402732817,0,FALSE,0,FALSE
"204","87","3","1","2","1",43.7201126236407,1,FALSE,0,FALSE
"205","1","4","1","3","1",67.4020467615865,1,FALSE,0,FALSE
"206","1","2","1","1","4",22.9760813138797,0,FALSE,0,FALSE
"207","1","1","3","2","1",-1.20697938261394,1,FALSE,0,FALSE
"208","3","1","2","1","1",-2.63677557075753,1,FALSE,0,FALSE
"209","1","3","1","68","3",43.8802776249619,1,FALSE,0,FALSE
"210","3","3","1","69","3",46.7747030576296,1,FALSE,0,FALSE
"211","3","3","4","2","1",10.9522723617186,1,FALSE,0,FALSE
"212","3","3","36","2","2",22.0652991428243,1,FALSE,0,FALSE
"213","4","2","4","3","111",-0.880117523985186,1,FALSE,0,FALSE
"214","1","2","1","3","3",31.0403098711437,0,FALSE,0,FALSE
"215","1","2","1","1","1",28.9220274470248,1,FALSE,0,FALSE
"216","3","3","1","2","3",41.7363131382719,1,FALSE,0,FALSE
"217","3","3","3","2","2",25.617212556024,1,FALSE,0,FALSE
"218","4","1","2","2","112",-6.29733333645499,0,FALSE,0,FALSE
"219","2","3","2","3","3",40.3615063610256,1,FALSE,0,FALSE
"220","3","1","1","1","1",8.2831546212829,1,FALSE,0,FALSE
"221","3","3","3","2","2",22.6009666086255,1,FALSE,0,FALSE
"222","3","3","1","4","4",52.6491227027655,1,FALSE,0,FALSE
"223","2","3","3","3","2",25.5152931249531,0,FALSE,0,FALSE
"224","88","3","37","3","3",32.3522812294908,1,FALSE,0,FALSE
"225","1","3","1","2","1",47.2490242121443,1,FALSE,0,FALSE
"226","2","1","2","1","113",-1.56286721898734,1,FALSE,0,FALSE
"227","2","12","3","2","1",-4.72095685522916,1,FALSE,0,FALSE
"228","1","1","3","4","3",7.38045830951649,1,FALSE,0,FALSE
"229","3","2","1","3","1",31.8926746523227,1,FALSE,0,FALSE
"230","1","1","1","3","4",20.8996189781745,1,FALSE,0,FALSE
"231","2","4","1","3","3",64.9157808303994,1,FALSE,0,FALSE
"232","3","4","3","1","4",27.9878431475186,0,FALSE,0,FALSE
"233","3","2","1","4","2",36.929640902868,1,FALSE,0,FALSE
"234","3","1","2","2","2",-1.091932474731,0,FALSE,0,FALSE
"235","1","3","1","3","114",51.2778444465206,1,FALSE,0,FALSE
"236","3","3","1","3","1",42.8861677719014,0,FALSE,0,FALSE
"237","3","13","4","3","1",18.1075514553375,1,FALSE,0,FALSE
"238","3","2","1","4","4",32.1161416979613,0,FALSE,0,FALSE
"239","3","1","38","3","2",-1.43172866493927,1,FALSE,0,FALSE
"240","3","1","2","1","2",-1.40617595663267,1,FALSE,0,FALSE
"241","3","1","3","1","2",-16.2299979248846,0,FALSE,0,FALSE
"242","3","3","1","1","115",31.4167025959897,0,FALSE,0,FALSE
"243","1","3","3","3","3",27.7006995975974,0,FALSE,0,FALSE
"244","1","3","3","3","2",34.1493530292293,1,FALSE,0,FALSE
"245","1","1","3","1","116",-12.1486172874876,0,FALSE,0,FALSE
"246","3","4","3","3","1",39.7910053350716,1,FALSE,0,FALSE
"247","1","1","2","1","3",-1.94663654314628,0,FALSE,0,FALSE
"248","2","1","2","3","3",9.83420787181316,1,FALSE,0,FALSE
"249","2","3","3","2","3",19.5260872258451,0,FALSE,0,FALSE
"250","1","2","3","1","3",1.94252501930368,0,FALSE,0,FALSE
"251","1","3","1","1","1",39.1754094912164,0,FALSE,0,FALSE
"252","2","1","1","1","1",4.78493008661686,0,FALSE,0,FALSE
"253","3","4","2","3","3",48.7271313674696,0,FALSE,0,FALSE
"254","3","3","1","1","3",32.8122565492662,0,FALSE,0,FALSE
"255","3","1","2","3","4",3.00265828389679,0,FALSE,0,FALSE
"256","3","4","3","3","1",37.2809282017432,0,FALSE,0,FALSE
"257","1","4","1","2","1",62.1686593339968,1,FALSE,0,FALSE
"258","3","3","1","70","1",41.2554581846586,0,FALSE,0,FALSE
"259","3","3","3","1","3",17.7327700349545,1,FALSE,0,FALSE
"260","3","3","3","2","2",17.9390099306809,0,FALSE,0,FALSE
"261","4","3","1","3","3",40.1161016102275,0,FALSE,0,FALSE
"262","89","2","3","1","1",2.55035444276032,1,FALSE,0,FALSE
"263","3","3","3","3","3",29.0319997505234,1,FALSE,0,FALSE
"264","1","1","2","3","3",11.9076471063071,1,FALSE,0,FALSE
"265","1","14","1","3","117",35.2033418677331,0,FALSE,0,FALSE
"266","2","1","1","3","2",14.6415307770305,0,FALSE,0,FALSE
"267","3","2","4","2","1",-2.67091671170813,1,FALSE,0,FALSE
"268","4","3","1","3","2",44.3453001888873,1,FALSE,0,FALSE
"269","3","2","4","71","3",-11.8148104280719,0,FALSE,0,FALSE
"270","2","3","3","2","4",22.6523736990147,1,FALSE,0,FALSE
"271","4","2","3","4","3",15.4999527339361,1,FALSE,0,FALSE
"272","3","2","3","1","3",3.34597700374341,1,FALSE,0,FALSE
"273","3","15","1","3","3",57.1830643645568,0,FALSE,0,FALSE
"274","3","3","3","1","3",11.9365062033793,0,FALSE,0,FALSE
"275","3","1","1","1","3",2.70101123658121,0,FALSE,0,FALSE
"276","2","1","3","2","4",-2.20738215134531,1,FALSE,0,FALSE
"277","1","2","1","2","3",27.8366578640628,0,FALSE,0,FALSE
"278","3","16","3","4","3",27.4946284467761,0,FALSE,0,FALSE
"279","3","3","2","3","3",32.7622595680734,0,FALSE,0,FALSE
"280","3","2","1","3","3",31.0859176062213,1,FALSE,0,FALSE
"281","3","1","4","3","1",-18.6907137333683,0,FALSE,0,FALSE
"282","4","2","2","3","3",15.1703246100272,0,FALSE,0,FALSE
"283","3","3","2","2","3",32.4237842529926,1,FALSE,0,FALSE
"284","3","3","3","3","3",28.4383421249749,1,FALSE,0,FALSE
"285","3","3","2","4","3",42.1536793365699,1,FALSE,0,FALSE
"286","90","1","3","1","1",-13.0044907651676,1,FALSE,0,FALSE
"287","4","3","3","1","3",16.4552913285671,1,FALSE,0,FALSE
"288","1","1","2","2","1",2.16873074077573,0,FALSE,0,FALSE
"289","3","1","1","1","3",8.70893811781028,1,FALSE,0,FALSE
"290","3","3","1","3","1",49.1079473786293,1,FALSE,0,FALSE
"291","1","4","1","1","3",58.0270146748436,1,FALSE,0,FALSE
"292","3","1","2","2","1",2.30583805180575,1,FALSE,0,FALSE
"293","4","3","1","4","3",49.0396866887931,1,FALSE,0,FALSE
"294","4","17","1","2","3",9.46660460855796,1,FALSE,0,FALSE
"295","3","1","1","1","3",9.16909099618427,1,FALSE,0,FALSE
"296","2","3","2","1","2",30.5116770396505,1,FALSE,0,FALSE
"297","3","1","2","3","3",4.98980073590175,1,FALSE,0,FALSE
"298","4","2","3","1","1",-5.49045758911716,0,FALSE,0,FALSE
"299","1","4","3","2","3",40.2596762534127,1,FALSE,0,FALSE
"300","1","1","3","1","4",-11.6988967287724,0,FALSE,0,FALSE
"301","1","3","3","3","3",28.6077886314921,0,FALSE,0,FALSE
"302","3","3","3","1","2",16.2028733058266,1,FALSE,0,FALSE
"303","1","3","3","1","4",17.3742664796726,0,FALSE,0,FALSE
"304","3","4","4","2","3",21.5296768186826,0,FALSE,0,FALSE
"305","2","1","1","3","3",14.7628889197205,0,FALSE,0,FALSE
"306","2","1","1","1","2",12.1857058706858,1,FALSE,0,FALSE
"307","3","2","3","4","4",13.1778748507788,0,FALSE,0,FALSE
"308","1","1","1","3","3",24.470434233811,1,FALSE,0,FALSE
"309","91","1","39","1","118",-10.7552758901254,1,FALSE,0,FALSE
"310","1","3","4","1","4",7.17475496163141,0,FALSE,0,FALSE
"311","1","3","4","2","3",16.7986285707874,1,FALSE,0,FALSE
"312","3","18","2","3","1",23.4543417875392,1,FALSE,0,FALSE
"313","3","3","40","3","1",28.0214981305544,1,FALSE,0,FALSE
"314","2","4","1","72","2",70.6295764321049,1,FALSE,0,FALSE
"315","3","3","1","4","3",52.6433360298316,1,FALSE,0,FALSE
"316","2","1","3","1","1",-14.7308966679242,0,FALSE,0,FALSE
"317","4","2","2","2","2",9.75098480104631,0,FALSE,0,FALSE
"318","3","3","1","3","1",49.2654398000619,1,FALSE,0,FALSE
"319","1","3","1","3","1",46.3072517710709,0,FALSE,0,FALSE
"320","3","1","4","1","1",-24.402242990205,1,FALSE,0,FALSE
"321","3","3","1","1","3",37.9793711558034,1,FALSE,0,FALSE
"322","2","2","3","3","4",15.2648766586174,1,FALSE,0,FALSE
"323","1","4","2","4","1",58.360256482631,0,FALSE,0,FALSE
"324","4","1","2","1","3",-11.1099041893636,0,FALSE,0,FALSE
"325","3","3","1","2","3",41.9645121826138,1,FALSE,0,FALSE
"326","1","4","1","73","2",62.3938506108162,1,FALSE,0,FALSE
"327","1","1","3","3","2",3.00449066614493,1,FALSE,0,FALSE
"328","4","3","3","2","3",15.0872470796428,0,FALSE,0,FALSE
"329","2","2","3","1","1",0.462693688922073,0,FALSE,0,FALSE
"330","1","2","3","2","1",6.36787638403758,0,FALSE,0,FALSE
"331","1","3","3","3","1",32.7614614347437,1,FALSE,0,FALSE
"332","2","1","3","1","4",-16.5598006174998,0,FALSE,0,FALSE
"333","3","2","4","3","3",-2.54058533306109,0,FALSE,0,FALSE
"334","1","4","1","1","119",53.5611738238554,0,FALSE,0,FALSE
"335","3","2","2","3","2",18.3289567163194,0,FALSE,0,FALSE
"336","3","19","3","2","2",-13.7079503316729,0,FALSE,0,FALSE
"337","4","2","1","1","1",16.4198247886426,0,FALSE,0,FALSE
"338","3","3","2","3","2",38.4897274163653,1,FALSE,0,FALSE
"339","2","2","3","3","1",15.0713668014534,1,FALSE,0,FALSE
"340","1","3","3","4","2",35.2753023805986,1,FALSE,0,FALSE
"341","3","2","1","2","1",30.1769142570935,1,FALSE,0,FALSE
"342","92","2","1","3","3",35.6740622733338,1,FALSE,0,FALSE
"343","1","3","3","3","3",27.8508213506906,0,FALSE,0,FALSE
"344","4","4","1","3","1",54.6809996518629,0,FALSE,0,FALSE
"345","1","2","1","3","1",31.3768356062212,0,FALSE,0,FALSE
"346","3","3","3","4","120",28.4717332295931,0,FALSE,0,FALSE
"347","1","1","4","2","3",-13.5535604198986,1,FALSE,0,FALSE
"348","3","2","2","1","1",12.2642508405195,1,FALSE,0,FALSE
"349","3","3","2","2","2",28.1749115366583,0,FALSE,0,FALSE
"350","1","3","4","3","1",17.8951868330847,0,FALSE,0,FALSE
"351","3","4","3","1","121",33.4089211496679,1,FALSE,0,FALSE
"352","4","3","4","4","4",18.3676500623804,1,FALSE,0,FALSE
"353","3","3","1","3","3",43.2653028021043,0,FALSE,0,FALSE
"354","2","3","1","3","4",44.5167992407459,0,FALSE,0,FALSE
"355","1","3","41","4","1",27.7765269233816,1,FALSE,0,FALSE
"356","3","2","42","3","4",17.3268821142504,0,FALSE,0,FALSE
"357","3","1","3","3","1",-2.49503521109696,1,FALSE,0,FALSE
"358","4","2","43","3","1",-6.2490681362126,0,FALSE,0,FALSE
"359","3","1","2","1","2",-6.10167516867177,0,FALSE,0,FALSE
"360","3","1","3","2","3",-12.3122292668146,0,FALSE,0,FALSE
"361","3","4","3","3","3",41.1920486646127,1,FALSE,0,FALSE
"362","3","3","1","4","3",52.3640776816088,1,FALSE,0,FALSE
"363","1","2","1","2","2",31.8398831290112,1,FALSE,0,FALSE
"364","3","3","3","1","3",12.7504589467192,0,FALSE,0,FALSE
"365","1","2","3","3","2",12.3937266810614,0,FALSE,0,FALSE
"366","3","3","3","3","3",23.8725392707927,0,FALSE,0,FALSE
"367","3","1","2","3","1",2.7889486712824,0,FALSE,0,FALSE
"368","1","3","3","3","3",26.3989862199482,0,FALSE,0,FALSE
"369","93","1","1","3","2",19.0284960664874,1,FALSE,0,FALSE
"370","1","3","1","3","3",47.9431715702821,0,FALSE,0,FALSE
"371","3","1","3","1","122",-18.193005078466,0,FALSE,0,FALSE
"372","2","1","2","2","2",-0.969369177431719,0,FALSE,0,FALSE
"373","3","20","2","1","3",27.9201263984157,1,FALSE,0,FALSE
"374","3","2","1","3","3",28.678627931207,0,FALSE,0,FALSE
"375","1","1","4","74","123",-11.5291725531317,0,FALSE,0,FALSE
"376","3","3","3","3","3",27.486150719481,1,FALSE,0,FALSE
"377","1","3","3","1","2",20.4905162786242,1,FALSE,0,FALSE
"378","3","1","44","4","124",13.0975328359668,1,FALSE,0,FALSE
"379","3","3","45","4","3",51.1020785416972,1,FALSE,0,FALSE
"380","3","1","46","2","3",12.4496863568281,1,FALSE,0,FALSE
"381","1","3","2","4","3",44.250517049096,0,FALSE,0,FALSE
"382","3","3","4","3","1",11.6848776238106,0,FALSE,0,FALSE
"383","2","4","3","3","2",39.8426411465362,0,FALSE,0,FALSE
"384","1","3","4","3","1",17.5072982750302,0,FALSE,0,FALSE
"385","1","2","2","3","3",22.1147236657423,0,FALSE,0,FALSE
"386","3","4","47","4","2",63.3525643869274,0,FALSE,0,FALSE
"387","3","3","1","3","4",48.6743354931917,1,FALSE,0,FALSE
"388","2","4","2","1","1",45.7886188204504,1,FALSE,0,FALSE
"389","3","2","2","4","3",23.3533385876229,0,FALSE,0,FALSE
"390","1","2","2","2","1",17.8384244509352,0,FALSE,0,FALSE
"391","1","3","3","2","1",26.7697049139232,1,FALSE,0,FALSE
"392","3","3","3","1","3",17.5952214702369,1,FALSE,0,FALSE
"393","4","3","3","3","4",20.0434422723137,0,FALSE,0,FALSE
"394","2","1","3","3","2",1.10546894942303,1,FALSE,0,FALSE
"395","3","2","4","1","3",-13.2762121691925,0,FALSE,0,FALSE
"396","3","2","3","75","3",13.8785730780807,1,FALSE,0,FALSE
"397","3","3","3","2","1",21.5022870115935,1,FALSE,0,FALSE
"398","3","4","3","2","3",35.2558239898279,1,FALSE,0,FALSE
"399","2","3","1","3","3",50.4022052162793,1,FALSE,0,FALSE
"400","3","3","1","4","3",48.569358591838,0,FALSE,0,FALSE
"401","4","3","1","2","3",40.5246337182301,1,FALSE,0,FALSE
"402","4","3","3","3","2",20.6208622965213,0,FALSE,0,FALSE
"403","1","3","1","2","1",43.6072066477471,0,FALSE,0,FALSE
"404","4","4","2","3","3",48.7237360912,1,FALSE,0,FALSE
"405","4","1","4","1","1",-24.9331372508096,1,FALSE,0,FALSE
"406","2","2","2","3","3",20.6540671001915,0,FALSE,0,FALSE
"407","1","2","1","4","4",42.0003079136486,1,FALSE,0,FALSE
"408","2","3","3","3","3",30.2886744542462,1,FALSE,0,FALSE
"409","3","1","3","3","1",-2.68428183522023,1,FALSE,0,FALSE
"410","3","3","2","1","4",28.7847781391375,1,FALSE,0,FALSE
"411","3","4","3","1","1",27.6781370620822,0,FALSE,0,FALSE
"412","1","3","1","2","3",47.4419901885079,1,FALSE,0,FALSE
"413","1","3","4","3","3",17.684052113309,0,FALSE,0,FALSE
"414","2","21","3","2","4",25.112157393512,1,FALSE,0,FALSE
"415","3","3","2","1","1",24.9514598117986,1,FALSE,0,FALSE
"416","3","1","3","1","4",-16.8698956311744,0,FALSE,0,FALSE
"417","3","1","4","3","3",-18.194346610513,0,FALSE,0,FALSE
"418","2","2","48","1","3",7.20282662914593,1,FALSE,0,FALSE
"419","3","1","1","3","2",14.9236288656948,1,FALSE,0,FALSE
"420","94","3","3","1","4",19.5333635556905,1,FALSE,0,FALSE
"421","3","3","49","3","125",11.7306744306754,0,FALSE,0,FALSE
"422","1","1","2","3","1",10.8245774127483,1,FALSE,0,FALSE
"423","3","2","2","76","1",12.6162613884772,0,FALSE,0,FALSE
"424","1","3","4","2","1",17.9824862439226,1,FALSE,0,FALSE
"425","3","3","3","1","1",11.9412973296447,0,FALSE,0,FALSE
"426","2","1","1","4","3",21.3984402434403,0,FALSE,0,FALSE
"427","3","1","2","2","3",-2.41954072726214,0,FALSE,0,FALSE
"428","3","1","3","3","2",-6.4946869704216,0,FALSE,0,FALSE
"429","3","3","2","3","3",32.1048616219938,0,FALSE,0,FALSE
"430","2","3","1","1","2",34.2246455341912,0,FALSE,0,FALSE
"431","2","2","3","3","3",14.5891732972775,1,FALSE,0,FALSE
"432","2","1","1","3","3",17.7374775029267,0,FALSE,0,FALSE
"433","3","3","1","3","2",48.3431366792852,1,FALSE,0,FALSE
"434","1","3","1","1","3",37.0782917283028,0,FALSE,0,FALSE
"435","2","3","2","1","126",26.3967881446754,0,FALSE,0,FALSE
"436","1","3","4","2","3",12.9506366869637,0,FALSE,0,FALSE
"437","95","3","4","3","3",21.9698726712159,1,FALSE,0,FALSE
"438","3","4","1","3","1",63.8648181629895,1,FALSE,0,FALSE
"439","3","3","3","1","3",13.4455845017794,0,FALSE,0,FALSE
"440","4","3","1","3","1",44.5301635066113,1,FALSE,0,FALSE
"441","3","3","3","3","2",25.1781474299114,0,FALSE,0,FALSE
"442","4","3","3","1","2",11.253271425652,0,FALSE,0,FALSE
"443","3","3","3","1","1",13.5507115126926,0,FALSE,0,FALSE
"444","4","1","1","3","1",15.5004797261542,1,FALSE,0,FALSE
"445","2","2","1","4","2",36.091660539925,0,FALSE,0,FALSE
"446","3","4","3","3","4",38.2828638008222,0,FALSE,0,FALSE
"447","4","1","3","3","1",-8.35290007204502,0,FALSE,0,FALSE
"448","2","3","1","1","1",34.6804359222632,0,FALSE,0,FALSE
"449","3","1","3","1","2",-17.5911461206479,0,FALSE,0,FALSE
"450","4","1","3","1","3",-21.2770950293439,0,FALSE,0,FALSE
"451","96","1","3","4","4",8.51305210379156,1,FALSE,0,FALSE
"452","3","2","1","3","1",32.6097467225016,1,FALSE,0,FALSE
"453","4","3","1","4","1",44.9589348468975,0,FALSE,0,FALSE
"454","1","4","1","3","1",61.6877311982791,0,FALSE,0,FALSE
"455","2","3","1","77","1",34.9008999038001,0,FALSE,0,FALSE
"456","2","2","1","2","3",24.4939631028644,0,FALSE,0,FALSE
"457","2","1","3","2","3",-5.92216376404818,1,FALSE,0,FALSE
"458","1","3","3","3","1",26.3587982153629,0,FALSE,0,FALSE
"459","1","3","3","1","1",16.5891888472302,0,FALSE,0,FALSE
"460","4","1","1","3","3",15.4744422794886,1,FALSE,0,FALSE
"461","1","3","3","3","3",33.366899671805,1,FALSE,0,FALSE
"462","1","3","4","1","3",6.79131917505921,0,FALSE,0,FALSE
"463","1","1","1","1","3",11.8856816606161,1,FALSE,0,FALSE
"464","1","3","3","2","127",22.7638726743533,0,FALSE,0,FALSE
"465","1","3","4","3","1",20.21203693242,1,FALSE,0,FALSE
"466","1","3","1","2","3",47.1290019393394,1,FALSE,0,FALSE
"467","2","2","3","3","1",9.10617935148627,0,FALSE,0,FALSE
"468","1","4","1","1","1",55.9145729579928,1,FALSE,0,FALSE
"469","3","2","4","78","3",-1.77514327970822,0,FALSE,0,FALSE
"470","2","3","3","2","2",19.3621204108064,0,FALSE,0,FALSE
"471","3","22","1","1","3",31.5929212979833,0,FALSE,0,FALSE
"472","3","4","4","2","1",26.3513443327978,1,FALSE,0,FALSE
"473","3","2","1","2","1",23.1566148700341,0,FALSE,0,FALSE
"474","3","3","50","3","3",27.4031794825556,1,FALSE,0,FALSE
"475","3","3","1","1","3",37.1737928792513,1,FALSE,0,FALSE
"476","1","2","2","1","3",12.4287716606219,0,FALSE,0,FALSE
"477","4","4","3","1","3",29.8301795289238,1,FALSE,0,FALSE
"478","3","1","4","1","2",-21.5428459197086,1,FALSE,0,FALSE
"479","3","1","3","3","2",-7.85552775932286,0,FALSE,0,FALSE
"480","3","1","3","3","1",-3.71048947445407,1,FALSE,0,FALSE
"481","4","1","3","1","1",-20.1905005527683,0,FALSE,0,FALSE
"482","4","1","1","1","3",6.16528966732532,1,FALSE,0,FALSE
"483","2","3","3","2","1",22.5406854148206,1,FALSE,0,FALSE
"484","1","3","51","3","128",32.2011335281918,1,FALSE,0,FALSE
"485","2","1","2","2","2",0.724285920091499,0,FALSE,0,FALSE
"486","2","3","1","1","1",40.375552905321,1,FALSE,0,FALSE
"487","1","3","4","3","3",18.2262475062031,0,FALSE,0,FALSE
"488","2","3","3","2","3",24.2768788873156,1,FALSE,0,FALSE
"489","2","1","1","1","3",6.61803255705156,0,FALSE,0,FALSE
"490","2","2","1","1","3",25.3441729359264,1,FALSE,0,FALSE
"491","1","1","1","1","3",14.6628561855124,1,FALSE,0,FALSE
"492","3","3","3","3","4",22.1008853040627,0,FALSE,0,FALSE
"493","1","1","2","1","3",2.2629262650467,1,FALSE,0,FALSE
"494","3","23","1","3","1",16.2896832397395,1,FALSE,0,FALSE
"495","97","2","3","1","3",-3.33317168769016,0,FALSE,0,FALSE
"496","3","24","2","79","3",-7.07919651338146,0,FALSE,0,FALSE
"497","1","3","1","1","1",42.2898395832086,1,FALSE,0,FALSE
"498","3","2","4","2","3",-9.04041671182909,0,FALSE,0,FALSE
"499","3","3","3","2","129",16.7450857919195,0,FALSE,0,FALSE
"500","2","1","2","1","3",-1.75237698984691,1,FALSE,0,FALSE
